id,name,title,description
1226795,【富山】チームワークを大切に、介護を通じて社会貢献と自己実現を一緒に目指しましょう！test,,
1226794,【東京】しっかり学んでガッチリ稼ごう！正社員や業務委託などアナタにあった働き方を選べます。,,
1226793,【愛知】ご利用者さまもスタッフも「その人がその人らしく安心して」暮らせる、働ける,,
1226792,【東京都】渋谷駅から徒歩1分、清潔感のあるキレイな院内で“治せる”技術を身につけましょう！,,
1226791,【鹿児島】治療技術を常に学び、研究！,,
1226790," 【埼玉・千葉・茨城・長崎】未経験の方！独立開業を目指している方！",,
1226789,【千葉】新しい業態に挑戦しようと考えている方は大歓迎です！,,
1226788,【大分】自信を育てる環境が整った治療院です,,
1226787,【大阪】「地域で一流・一番！願いの叶う治療院」を目指し続けています,,
1226786,【大阪】夢は形に！実現できる場所、ココにあり！/株式会社レガート,,
1226785,【山梨】「10年間培ってきたスポーツ医学のノウハウを、地元のアスリートに還元、貢献したい」,,
1226784,【長野】将来の為に一緒に技術を磨きませんか？,,
1226783,【千葉】当院は、スタッフの個性をとても大切にしています。,,
1226782,【神奈川】地域社会のために貢献し、住民から愛される治療院を目指しています。/よつば鍼灸接骨院,,
1226781,水戸で働きたい！柔道整復師募集！！,,
1226780,【東京】明るい職場の雰囲気です！,,
1226779,【茨城】社会保険完備、施術者保険加入、交通費等の福利厚生も充実。/株式会社メディカルライセンスグループ,,
1226778,【東京】施術に根拠を求めている方を歓迎します。,,
1226777,【神奈川】「誠心誠医」がモットーの鍼灸接骨院です,,
1226776,【東京】｢治った｣ではなく｢治した｣と言える治療家を目指しましょう！,,
1226775,【千葉】当院は開院3年目の地域に密着した明るい環境の治療院です！,,
1226774,【東京】サービスとホスピタリティの違いとは？,,
1226773,【茨城】経験・技術は問いません！,,
1226772,【東京】☆幹部候補募集☆今こそ自分を生かすチャンスです！/株式会社タカヤメディカル,,
1226771,【千葉】「患者さま・治療師・社会の三方良し」これが私たちの理念です,,
1226770,【秋田】「地域密着」「患者さまの笑顔が第一」がモットー！,,
1226769,【宮城】人間性を高め、たくさんのありがとうを集める！,,
1226768,株式会社楽,,
1226767,【東京】年間臨床数3万人以上。勝てる鍼灸師になれます。,,
1226766,【東京】東洋医学と西洋医学との共存した社会実現を目指して,,
1226765,【神奈川】「鍼灸マッサージ師が働きやすい職場」/訪問医療マッサージ「みどりの風」,,
1226764,【群馬】より多くの方の痛みや苦しみの解放を求めて,,
1226763,【群馬】より多くの方の痛みや苦しみの解放を求めて,,
1226762,【神奈川】日本一愛される整骨院になる,,
1226761,"【群馬】当院で経験し、学び、身に付けた事すべて、一生の財産になってほしい。/岳陽堂接骨院 鍼灸治療室",,
1226760,【東京】10月の新店舗オープンに伴いスタッフ急募!!!「トレーナーとしての知識」・「治す為の技術」の習得に最適なアットホーム治療院です！！,,
1226759,【使わない広告】,,
1226758,【東京】「治す技術」「患者様を笑顔にすること」を身につけたい方必見！,,
1226757,"【東京】技術を磨き、知識を深める その中で活躍するのは貴方です！",,
1226756,【東京】7月8日OPEN！一緒に院の成長を体験していきませんか？,,
1226755,【東京】楽しく人間の可能性を探求・発見していく院です,,
1226754,"【大分・宮崎】未経験者でも大丈夫！九州NO1の院を目指して、 一緒に人間成長しませんか？",,
1226753,【大阪】あなたの目標や夢を実現していくための応援をします！,,
1226752,"【神奈川】一番必要とされる院を目指す。 職場の仲間が生涯の仲間に！/（株式会社エルダーホームケア）",,
1226751,【東京】リハビリ型デイサービスで高齢者の「自立」をお手伝いする仕事です。,,
1226750,【大阪】心を働かせる治療家になりませんか？,,
1226749,【東京】経験者歓迎！学生応募可！自分のライフスタイルに合わせて働き方を選べます！,,
1226748,【東京】10月の新店舗オープンに伴いスタッフ急募!!!「トレーナーとしての知識」・「治す為の技術」の習得に最適なアットホーム治療院です！！,,
1226747,【神奈川】開業10年、お子様から学生、お年寄りまでが来院！様々な症例を診ることのできる地域密着型の整骨院,,
1226746,【東京】2013年4月開業のオープニングスタッフ募集!,,
1226745,【埼玉】高率歩合！機能訓練やリハビリマッサージも学べます。,,
1226744,【東京】“絆”と“想い”が強い成竹鍼灸整骨院！,,
1226743,【神奈川】“確実に治す“を合言葉に！本気で治療家になりたい方大募集！,,
1226742,【埼玉】自己成長で患者様もスタッフも自分も笑顔になれる治療院！,,
1226741,【東京】外傷・難病治療の患者様多数来院！様々な臨床経験を積める環境でたくさん学んでください。,,
1226740,【千葉】地域の人気治療院でイキイキ働くカッコイイ先生になりませんか？,,
1226739,【東京】三鷹駅・狛江駅すぐ！★研修充実★新規オープンに伴い2店舗合同募集！,,
1226738,技術だけでなく、ホスピタリティとコミュニケーションで最高のサービスを提供します！,,
1226737,【週休2日】【祝日出勤無し】など働きやすい環境を提供します！明るく元気な方大募集！,,
1226736,仲間を大切にでき、探究心を持って取り組める方大募集！,,
1226735,作成ミス,,
1226734,“志向に合わせた働き方”が、あなたの未来を創造する。,,
1226733,【2013年急募！】夢を叶えたい方！必ず実現していただく為に、全スタッフが本気で応援します！！,,
1226732,将来のキャリアに役立つ経験を必ず提供します！,,
1226731,治療家としての土台を当院で身につけてください！,,
1226730,開業23年の経験をを活かした地域密着治療を実践中！,,
1226729,患者様にもっとも安らぎを与えられる場所を目指します！,,
1226728,仲間と切磋琢磨し合える環境がここにはある！,,
1226727,常に最新の情報を取り入れ続けています！,,
1226726,長所を最大限に生かす人材育成を行っています！,,
1226725,手技療法を極めたい方、必見です！,,
1226724,人間性を高め、共に成長し、働く仲間とその家族の幸せを追求する,,
1226723,お客様へオンリーワンの満足度と優しさを提供する,,
1226722,女性ならではの心遣いで溢れている、そんな環境であなたも一緒に働いてみませんか？,,
1226721,あなたのスキルアップを全力で支援します！,,
1226720,あなたの可能性を最大限引き出します。,,
1226719,患者さんに本当に喜んでもらえる技術を学んでみませんか,,
1226718,明るく居心地の良い当院において、あなたの夢を実現させませんか？,,
1226717,マッサージを生業とされたい方、創業50年の当院で学んでみませんか？,,
1226716,医療と介護のスペシャリストを目指す方、大歓迎！！,,
1226715,スポーツジムタイプの介護施設でのお仕事です,,
1226714,「共に技術を高め合える仲間」「無邪気に笑い合える仲間」「夢を語り合い応援し合える仲間」そんな方を待っています,,
1226713,皆さまが笑顔と幸福でいられる希望のような存在でありたい,,
1226712,患者様、スタッフ双方の満足度を高めるための充実した教育制度,,
1226711,細かな指導とそれを実感できる臨床経験で未経験でも一人前に育てます♪,,
1226710,あなたがしてみたいことは何ですか？あなたが持っている可能性を当院で発揮しましょう！,,
1226709,今、久留米一熱い職場！あなたの将来に繋がる経験を必ず提供します,,
1226708,今後予想される超高齢化社会に向け、いろいろと勉強をしてみませんか？,,
1226707,将来の目標達成のために当院で一緒に学びませんか？,,
1226706,治療技術から運営まで広く学べる場がここにはあります,,
1226705,地域No.1の整骨院づくりに参加してみませんか？,,
1226704,「体の芯から治す根本治療」を当院で学んでみませんか？,,
1226703,人は人でしか磨かれない。共に切磋琢磨しましょう！,,
1226702,新規事業開拓をしてはみませんか？,,
1226701,"開業半年で1日平均100人の来患数を達成した当院で学びませんか？ ",,
1226700,広島市西区の新しい機能訓練型デイサービスです！,,
1226699,"“ゼロ” から“院長”へ。圧倒的に成長できる環境がある。",,
1226698,挨拶や礼節、掃除といった接遇の基本から教えます！,,
1226697,社員一人ひとりのビジョンを全力で支援します！,,
1226696,仲間がいるから成長できる。本気の仲間がここにいる。,,
1226695,株式会社OMG,,
1226694,実績ある当院において人として成長していきませんか？,,
1226693,"プロの技術を持ち感動と幸せを作る治療院♪ ",,
1226692,仲間を大切にでき、探究心を持って取り組める方大募集！,,
1226691,未経験者大歓迎！！施術・コミュニケーション力のスキルアップをしながら働きましょう！,,
1226690,「マタニティケア＆産後ケア」が人気のボディケアスタッフ募集中！,,
1226689,"男性スタッフ・女性スタッフ大活躍！希望に満ちた院で一緒に働きましょう！ ",,
1226688,新規開業店舗スタッフ募集！！心を込めたマッサージで患者様にカラダの治療、こころのケアを提供していきましょう！,,
1226687,機能訓練専門ディサービス！,,
1226686,長く働ける環境が整っています☆,,
1226685,貴方のその情熱を生かしてみませんか？,,
1226684,形やスタイルにとらわれない！,,
1226683,開業10年、お子様から学生、お年寄りまでが来院！様々な症例を診ることのできる地域密着型の整骨院,,
1226682,人と人とのふれあいを大切にし、仕事を通じて社会貢献する　【福島事業所】,,
1226681,とにかくアットホームな整骨院です！！新店オープン！,,
1226680,鍼灸整骨院、整体院、訪問在宅マッサージ、訪問鍼灸、訪問介護などを展開しているグループです。,,
1226679,顎関節症など歯科と全身と関わる症例について学べます,,
1226678,実務経験なしでも大歓迎！独立開業したいアナタも応援します！,,
1226677,広告なし、看板なしの実力派整骨院で一流の治療家を目指しませんか？,,
1226676,患者様に喜んでもらえるだけではなく、自分自身の成長の為にもなる治療院です！,,
1226675,初心を忘れず成長し続けるサロンです,,
1226674,楽しく患者様にプラスを提供！！,,
1226673,2011年オープンの新しい整骨院！店舗拡大中にため、院長候補急募！,,
1226672,定期的な勉強会でスキルアップ！,,
1226671,治った患者様でもまた来たいと想う接骨院で、独立できる治療家にまで育てます！,,
1226670,あなたのかかりつけ整骨院目指します,,
1226669,在宅医療マッサージのリーディングカンパニーで、一段上の治療家を目指しませんか？,,
1226668,鍼灸マッサージの新しいステージへ,,
1226667,患者様を感動させる血の通った治療を,,
1226666,患者様を感動させる血の通った治療を,,
1226665,患者様を感動させる血の通った治療を,,
1226664,今まで会ったことがない「自分」に必ず会える,,
1226663,地域医療への貢献をしながら充実感が得られる仕事！,,
1226662,システム重視から、人間力重視へ。,,
1226661,皆様が「心から笑顔になる」ため東西医学の融合と総合治療を行っております。,,
1226660,“鍼灸師”が活躍できるフィールドを,,
1226659,全ての思考と行動は、患者様の喜びのために,,
1226658,東洋医学を後世まで残す。,,
1226657,成長できるフィールドをご用意しております！,,
1226656,｢治す｣技術を身につけましょう！,,
1226655,株式会社Fammy,,
1226654,女性院長・女性スタッフによる整骨院です。,,
1226653,業務拡大につき急募！手技療法に重点を置き統合医療を追究しています。,,
1226652,豊橋・豊川・新城・浜松・湖西・田原市在住スタッフ募集！,,
1226651,人間くさくあたたかい整骨院です,,
1226650,ひとりの人間として共に成長できる仲間を待っています！,,
1226649,株式会社クラシオン,,
1226648,鍼灸師も、柔道整復師も、圧倒的臨床経験が積める！鍼灸師も独立開業できる！,,
1226647,未経験、遠方から引越してきた先生たちが活躍中！！,,
1226646,目に見えない原因を探り、本質的に治す。,,
1226645,これからの超高齢化社会に対応したスキルが身に付きます,,
1226644,私たちはチーム診療を心掛けています,,
1226643,愛泉道院　因泥接骨院,,
1226642,開業に必要な知識・スキルを学べます。,,
1226641,一緒に地域NO.1整骨院をつくるためにぜひ、あなたの力が必要です！,,
1226640,鍼灸日本代表を目指し、共に学びましょう！,,
1226639,世界レベルの選手や大学専属でのトレーナー活動も行っています,,
1226638,新卒の方もスキルアップを目指す方もご応募下さい！,,
1226637,メディアから【ゴッドハンド】と注目された院長から《本物の技術》が学べます！,,
1226636,プロ意識・チームワーク・人間成長一緒に鍛えませんか？,,
1226635,高橋整骨院,,
1226634,根本治療で患者様の最高満足を目指します！,,
1226633,患者様から、心から喜ばれる接骨院を目指しています。,,
1226632,業務拡大のため施術者の方募集！,,
1226631,今まで会ったことがない「自分」に必ず会える,,
1226630,スタッフ、患者様の笑い声の絶えない職場で働きませんか？,,
1226629,職種を超えて協力し、患者様の在宅での生活を応援しています！,,
1226628,訪問治療のやりがいや楽しさ、全部教えます！,,
1226627,患者様を感動させる血の通った治療を,,
1226626,あなたのやる気次第で色々なことにチャレンジできます！,,
1226625,未経験でOK！大切なのは志,,
1226624,接骨院ならではの知識で美容整体に取り組んでいます！,,
1226623,治療技術も知識も遊びも楽しく遊べます！,,
1226622,西洋館グループ,,
1226621,会社、スタッフ、患者様、この3者『みんなが嬉しい』を目指しています！,,
1226620,地域の皆様に求められる施術者を目指しましょう！,,
1226619,経営セミナーやリーダー研修も行います！本物の治療家になりたい方集まれ！,,
1226618,2012年リニューアルオープンする当グループであなたも一緒に成長してきましょう！,,
1226617,「未経験者」を、患者さんから「信頼される先生」に！,,
1226616,治療家としての成長とは何ですか？,,
1226615,患者様の笑顔の為に努力を惜しまない方、全力バックアップ！,,
1226614,自己成長のスピードがとても速い環境です！,,
1226613,【専門学生】【パート】限定募集！整骨院の受付全般をお任せします♪,,
1226612,地域の在宅医療を担う仕事です,,
1226611,優しく強い接骨院を目指しております!,,
1226610,患者様全てに幸せになっていただくために、自分たちも仕事を通して幸せになろう！,,
1226609,構造医学の考えを基盤に診療しています。,,
1226608,10月末オープン予定！オープニングスタッフ募集中！,,
1226607,患者さんの手助けやサポートを大事にしています。,,
1226606,10月オープン予定！患者さんの手助けやサポートを大事にしています。,,
1226605,9月オープン予定！フィットネスクラブ内の整骨院！,,
1226604,8月オープン予定！フィットネスクラブ内の整骨院！,,
1226603,8月3日オープン！フィットネスクラブ内の整骨院！,,
1226602,明るく楽しく働きながら成長しよう！！笑顔があふれる職場です。,,
1226601,明るく楽しく働きながら成長しよう！！笑顔があふれる職場です。,,
1226600,独立希望の方には最適の職場環境です♪,,
1226599,院長・管理柔道整復師大募集です！,,
1226598,院長・管理柔道整復師大募集です！,,
1226597,技術UP☆院運営ノウハウが身につく☆実践で１から学べます！,,
1226596,「治療家」として成長したい人！うちに来てみませんか？,,
1226595,7月開院予定！オープニングスタッフ募集中！,,
1226594,技術UP☆院運営ノウハウが身につく☆実践で１から学べます！,,
1226593,患者様全てに幸せになっていただくために、自分たちも仕事を通して幸せになろう！,,
1226592,今年オープンの新しい整骨院！店舗拡大中にため、院長候補急募！,,
1226591,7月オープン！患者さんの手助けやサポートを大事にしています。,,
1226590,9月オープン予定！患者さんの手助けやサポートを大事にしています。,,
1226589,患者さんの手助けやサポートを大事にしています。,,
1226588,患者様、施術者ともに女性が多い為、女性スタッフが働き易い環境が整っています。,,
1226587,仲間を大切にし、人との関わりを大切にする明るく元気な治療院です。,,
1226586,スポーツ経験・トレーナー経験のあるスタッフ多数！美容鍼、耳つぼ、吸い玉などもここで学べます。,,
1226585,仲間を大切にし、人との関わりを大切にする明るく元気な治療院です。,,
1226584,仲間を大切にし、人との関わりを大切にする明るく元気な治療院です。,,
1226583,仲間を大切にし、人との関わりを大切にする明るく元気な治療院です。,,
1226582,フィットネスクラブ内の整骨院！患者さんの手助けやサポートを大事にしています。,,
1226581,6月にオープンしたばかり！患者さんの手助けやサポートを大事にしています。,,
1226580,患者さんの手助けやサポートを大事にしています。,,
1226579,7月12日オープン！オープニングスタッフ募集！,,
1226578,鍼灸マッサージの新しいステージへ,,
1226577,鍼灸マッサージの新しいステージへ,,
1226576,鍼灸マッサージの新しいステージへ,,
1226575,鍼灸マッサージの新しいステージへ,,
1226574,鍼灸マッサージの新しいステージへ,,
1226573,鍼灸マッサージの新しいステージへ,,
1226572,鍼灸マッサージの新しいステージへ,,
1226571,鍼灸マッサージの新しいステージへ,,
1226570,鍼灸マッサージの新しいステージへ,,
1226569,鍼灸マッサージの新しいステージへ,,
1226568,鍼灸マッサージの新しいステージへ,,
1226567,人と人とのふれあいを大切にし、仕事を通じて社会貢献する,,
1226566,人と人とのふれあいを大切にし、仕事を通じて社会貢献する,,
1226565,人と人とのふれあいを大切にし、仕事を通じて社会貢献する,,
1226564,人と人とのふれあいを大切にし、仕事を通じて社会貢献する,,
1226563,人と人とのふれあいを大切にし、仕事を通じて社会貢献する,,
1226562,人と人とのふれあいを大切にし、仕事を通じて社会貢献する,,
1226561,人と人とのふれあいを大切にし、仕事を通じて社会貢献する,,
1226560,人と人とのふれあいを大切にし、仕事を通じて社会貢献する,,
1226559,人と人とのふれあいを大切にし、仕事を通じて社会貢献する,,
1226558,人と人とのふれあいを大切にし、仕事を通じて社会貢献する,,
1226557,人と人とのふれあいを大切にし、仕事を通じて社会貢献する,,
1226556,人と人とのふれあいを大切にし、仕事を通じて社会貢献する,,
1226555,人と人とのふれあいを大切にし、仕事を通じて社会貢献する,,
1226554,人と人とのふれあいを大切にし、仕事を通じて社会貢献する,,
1226553,人と人とのふれあいを大切にし、仕事を通じて社会貢献する,,
1226552,人と人とのふれあいを大切にし、仕事を通じて社会貢献する,,
1226551,人と人とのふれあいを大切にし、仕事を通じて社会貢献する,,
1226550,人と人とのふれあいを大切にし、仕事を通じて社会貢献する,,
1226549,人と人とのふれあいを大切にし、仕事を通じて社会貢献する,,
1226548,人と人とのふれあいを大切にし、仕事を通じて社会貢献する,,
1226547,ナース、PT、OT、ケアマネと共に学んでみませんか？,,
1226546,人と人とのふれあいを大切にし、仕事を通じて社会貢献する,,
1226545,人と人とのふれあいを大切にし、仕事を通じて社会貢献する,,
1226544,人と人とのふれあいを大切にし、仕事を通じて社会貢献する,,
1226543,人と人とのふれあいを大切にし、仕事を通じて社会貢献する,,
1226542,人と人とのふれあいを大切にし、仕事を通じて社会貢献する,,
1226541,人と人とのふれあいを大切にし、仕事を通じて社会貢献する,,
1226540,人と人とのふれあいを大切にし、仕事を通じて社会貢献する,,
1226539,人と人とのふれあいを大切にし、仕事を通じて社会貢献する,,
1226538,花見川整骨院は「あなたの夢」の実現を応援します！！,,
1226537,勝田台総合整骨院は「あなたの夢」の実現を応援します！！,,
1226536,大久保接骨院は「あなたの夢」の実現を応援します！！,,
1226535,さくら整骨院は「あなたの夢」の実現を応援します！！,,
1226534,八千代の里接骨院は「あなたの夢」の実現を応援します！！,,
1226533,高根木戸接骨院は「あなたの夢」の実現を応援します！！,,
1226532,ふれあい整骨院は「あなたの夢」の実現を応援します！！,,
1226531,街の接骨院は「あなたの夢」の実現を応援します！！,,
1226530,本中山接骨院は「あなたの夢」の実現を応援します！！,,
1226529,麻生中央整骨院は「あなたの夢」の実現を応援します！！,,
1226528,中央通り接骨院は「あなたの夢」の実現を応援します！！,,
1226527,なのはな針灸接骨院は「あなたの夢」の実現を応援します！！,,
1226526,琴似整骨院は「あなたの夢」の実現を応援します！！,,
1226525,琴似中央接骨院は「あなたの夢」の実現を応援します！！,,
1226524,八幡中央接骨院は「あなたの夢」の実現を応援します！！,,
1226523,すまいる整骨院は「あなたの夢」の実現を応援します！！,,
1226522,フラワーロード整骨院は「あなたの夢」の実現を応援します！！,,
1226521,本八幡整骨院は「あなたの夢」の実現を応援します！！,,
1226520,あなたのかかりつけ整骨院目指します,,
1226519,あなたのかかりつけ整骨院目指します,,
1226518,あなたのかかりつけ整骨院目指します,,
1226517,あなたのかかりつけ整骨院目指します,,
1226516,本気で患者さんを笑顔にしたい方募集,,
1226515,仲間を大切にでき、探究心を持って取り組める方大募集！,,
1226514,仲間を大切にでき、探究心を持って取り組める方大募集！,,
1226513,仲間を大切にでき、探究心を持って取り組める方大募集！,,
1226512,仲間を大切にでき、探究心を持って取り組める方大募集！,,
1226511,治します！綺麗にします！癒します！3拍子揃っている治療院です。,,
1226510,女性に優しい治療院作りを一緒にしましょう！,,
1226509,一緒に働く“仲間”を探しています！,,
1226508,最速かつ圧倒的に成長できる環境が、ここにはある。,,
1226507,独立開業の夢を叶えたいあなたを、私たちは全力でサポートします,,
1226506,独立開業の夢を叶えたいあなたを、私たちは全力でサポートします,,
1226505,独立開業の夢を叶えたいあなたを、私たちは全力でサポートします,,
1226504,独立開業の夢を叶えたいあなたを、私たちは全力でサポートします,,
1226503,独立開業の夢を叶えたいあなたを、私たちは全力でサポートします,,
1226502,患者様とのカウンセリングを大切にし、患者様の状態に合わせた施術をしています。,,
1226501,警備会社を母体とした、在宅療養マッサージ専門の治療院です。,,
1226500,警備会社を母体とした、在宅療養マッサージ専門の治療院です。,,
1226499,分院でも100名を越える来院者数を誇る、関東を代表する院です。,,
1226498,分院でも100名を越える来院者数を誇る、関東を代表する院です。,,
1226497,分院でも100名を越える来院者数を誇る、関東を代表する院です。,,
1226496,分院でも100名を越える来院者数を誇る、関東を代表する院です。,,
1226495,分院でも100名を越える来院者数を誇る、関東を代表する院です。,,
1226494,分院でも100名を越える来院者数を誇る、関東を代表する院です。,,
1226493,この仕事を通して自分の役割を理解し、技術的、人間的成長を絶え間なく努力いたします。,,
1226492,この仕事を通して自分の役割を理解し、技術的、人間的成長を絶え間なく努力いたします。,,
1226491,この仕事を通して自分の役割を理解し、技術的、人間的成長を絶え間なく努力いたします。,,
1226490,この仕事を通して自分の役割を理解し、技術的、人間的成長を絶え間なく努力いたします。,,
1226489,治療家として人として人生をおもいっきり,,
1226488,治療家として人として人生をおもいっきり,,
1226487,治療家として人として人生をおもいっきり,,
1226486,治療家として人として人生をおもいっきり,,
1226485,他院とは一線を画した治療院づくり,,
1226484,他院とは一線を画した治療院づくり,,
1226483,他院とは一線を画した治療院づくり,,
1226482,患者さまのために出来ることを追求し続ける！,,
1226481,患者さまのために出来ることを追求し続ける！,,
1226480,患者さまのために出来ることを追求し続ける！,,
1226479,患者さまのために出来ることを追求し続ける！,,
1226478,患者さまのために出来ることを追求し続ける！,,
1226477,患者さまのために出来ることを追求し続ける！,,
1226476,患者さまのために出来ることを追求し続ける！,,
1226475,患者さまのために出来ることを追求し続ける！,,
1226474,創業20周年の整骨院グループです。,,
1226473,創業20周年の整骨院グループです。,,
1226472,あなたの夢を実現できる接骨院をつくる,,
1226471,あなたの夢を実現できる接骨院をつくる,,
1226470,あなたの夢を実現できる接骨院をつくる,,
1226469,お客様に対して最高のサービスを提供します！,,
1226468,"マシントレーニングを中心とした新しい形のデイサービスです。 ",,
1226467,美容からスポーツ外傷まで幅広く施術できる接骨院,,
1226466,お客様ともスタッフとも家族ぐるみで！これがウチのコンセプト,,
1226465,TEST4,,
1226464,開業したばかりのきれいな整骨院です！,,
1226463,「手で治す事のスペシャリスト」を目指せます！　※完全週休2日制※,,
1226462,青藍とともに夢をかなえよう！！,,
1226461,青藍とともに夢をかなえよう！！,,
1226460,青藍とともに夢をかなえよう！！,,
1226459,青藍とともに夢をかなえよう！！,,
1226458,青藍とともに夢をかなえよう！！,,
1226457,青藍とともに夢をかなえよう！！,,
1226456,青藍とともに夢をかなえよう！！,,
1226455,青藍とともに夢をかなえよう！！,,
1226454,鍼灸接骨院新規オープンスタッフ募集！,,
1226453,「手で治す事のスペシャリスト」を目指せます！　※完全週休2日制※,,
1226452,やって見せて、実際に経験させ、承認し褒める。,,
1226451,アナタの夢を実現するためのノウハウをお教えします！,,
1226450,私たちと一緒に目標の実現に向けて一緒に頑張りましょう！,,
1226449,私たちと一緒に目標の実現に向けて一緒に頑張りましょう！,,
1226448,大原接骨院であなたの夢を叶えましょう,,
1226447,どこよりも働きやすさにこだわりました！,,
1126537,【テスト】人と人とのふれあいを大切にし、仕事を通じて社会貢献する,,
1126536,この仕事を通して自分の役割を理解し、技術的、人間的成長を絶え間なく努力いたします。,,
1126535,やりがいのある仕事。あなたの向上心を育みます。,,
1126534,近隣のサッカーチームも見ていますので外傷やスポーツ障害、アスリハなどを学べます。社会に貢献できる企業を目指します。,,
1126533,やる気があって楽しく出来る方募集！,,
1126532,臨床未経験の方も技術、接客のプロフェッショナルになるように厳しく、かつ思いやりを持って指導します。一生ものの技術、接客力を当店で身につけませんか？,,
1126531,人を癒すことが好きな方募集中！,,
1126530,東京で有名な治療家が勝浦で勝負を賭けた！,,
1126529,編集中,,
1126528,あなたの夢を実現できる接骨院をつくる,,
1126527,「すべての人に愛情をもって接する」これが当社の理念です。,,
1126526,スタッフ全員のチーム力で「治す」院づくりを,,
1126525,17年間の症例から学べる。独立積極バックアップ！,,
1126524,創業20周年の整骨院グループです。,,
1126523,いたわりの気持ちを手から伝える,,
1126522,”最高の待遇”を身につけませんか,,
1126521,明るく居心地NO.1の吉祥寺で共に働きませんか？,,
1126520,やる気があって楽しく出来る方大歓迎,,
1126519,患者さまのために出来ることを追求し続ける！,,
1126518,他院とは一線を画した治療院づくり,,
1126517,まごころネットワーク拡大中,,
1126516,独立開業の夢を叶えたいあなたを、私たちは全力でサポートします,,
1126515,独立開業の夢を叶えたいあなたを、私たちは全力でサポートします,,
1126514,「親切丁寧」をモットーに、整骨とトレーナー活動を中心に施術を行っております。,,
1126513,治療家として人として人生をおもいっきり,,
1126512,分院でも100名を越える来院者数を誇る、関東を代表する院です。,,
1126511,リハビリや在宅未経験の方にも、しっかり教えます！地域貢献にも発揮したいと思う方、当社で活躍しませんか！,,
1126510,共に学び、成長できる方募集！！,,
1126509,共に学び、成長できる方募集！！,,
1126508,被災者の方の疲れを癒してくれる柔道整復師を急募！,,
1126507,近隣のサッカーチームも見ていますので外傷やスポーツ障害、アスリハなどを学べます。社会に貢献できる企業を目指します。,,
1126506,”日本一の治療院”という夢を目指して頑張りましょう。,,
1126505,夢を持ちながら、よく遊び、よく学び、共に成長しながら楽しく働ける職場,,
1126504,高齢化社会が進む中で、更なる社会貢献できる会社創りをめざしております。,,
1126503,警備会社を母体とした、在宅療養マッサージ専門の治療院です！,,
1126502,共に学び、成長できる方募集,,
1126501,日本一の接骨鍼灸院を目指し、スタッフ一丸となって治療に取り組んでいます。開業支援も充実しています。一緒に働き夢を実現させましょう！,,
1126500,将来の開業の為に総合技術の経験を積みながら、充実した生活を送りませんか？,,
1126499,共に学び、共に成長できる職場作りを意識しています。夢を実現に！ぜひＧｒｅｅｎ　Ｒｏｏｍで一緒に働きましょう！,,
1126498,痛い所・辛い所に手が届く。そんな気の利いた院を目指しています。,,
1126497,やりがいのある仕事。あなたの向上心を育みます。,,
1126496,自分の都合に合わせた勤務が可能！初心者でも親切丁寧にしどうします！,,
1126495,2011年1月から新たにスタート！新しい治療院をみんなで作ろう！,,
1126494,独立を目指す方に最適な環境を提供,,
1126493,スタッフは向上心の塊！変わりたい、もっと高みを目指したい方、仲間になりませんか？将来の経営者への第一歩です。,,
1126492,スキルを高めあっていく環境があります。,,
1126491,THBが治すのではなく、治る身体づくりの徹底,,
1126490,お互いに成長する環境を共に築いていきましょう。,,
1126489,トップアスリートと共に治療家としての夢をかなえていきましょう。,,
1126488,想いだけでは達成できない事もある。共に成功しましょう！,,
1126487,臨床未経験の方も技術、接客のプロフェッショナルになるように厳しく、かつ思いやりを持って指導します。一生ものの技術、接客力を当店で身につけませんか？,,
1126486,私たちと一緒に目標の実現に向けて一緒に頑張りましょう！,,
1126485,何でも相談できるアットホームな治療院です。,,
1126484,やりたいことが何でもできる環境が揃っています。,,
1126483,本気で成功したいと考える方にとっては損のない環境です。,,
1126482,様々な症状の治療経験を積みたい！臨床技術をより向上させたい！という方にぴったりです,,
1126481,誰でも出来ることを誰も出来ないくらいやり通す。,,
1126480,アットホームでホッと出来るひだまりのような居心地のいい治療院です。,,
1126479,この仕事を通して自分の役割を理解し、技術的、人間的成長を絶え間なく努力いたします。,,
1126478,プロアスリートから一般の方々まで、幅広く治療しています。,,
1126477,本気で治す技術を覚え自分自身を成長させたい方、大募集！！,,
1126476,「すべての人に愛情をもって接する」これが当社の理念です。,,
1126475,「すべての人に愛情をもって接する」これが当社の理念です。,,
1126474,「愛情を持って全ての人に接する」これが当社の理念です。,,
1126473,「愛情を持って全ての人に接する」これが当社の理念です。,,
1126472,従来の鍼灸整骨院の枠を超えた「いつまでも美しく」がテーマの新しいタイプの鍼灸整骨院です。,,
1126471,心身健康の秘訣を日本文化の中に見出し自然療法複合施設を築く治療院,,
1126470,経験と技術と知識が学べます。,,
1126469,経験と技術と知識が学べます。,,
1126468,身体のよろずや相談。笑顔や『ありがとう』であふれる地域づくり,,
1126467,身体のよろずや相談。笑顔や『ありがとう』であふれる地域づくり,,
1126466,身体のよろずや相談。笑顔や『ありがとう』であふれる地域づくり,,
1126465,心身健康の秘訣を日本文化の中に見出し自然療法複合施設を築く治療院,,
1126464,その「痛み」あきらめていませんか？,,
1126463,その「痛み」あきらめていませんか？,,
1126462,本気で患者さんを笑顔にしたい方募集,,
1126461,「愛情を持って全ての人に接する」これが当社の理念です。,,
1126460,「愛情を持って全ての人に接する」これが当社の理念です。,,
1126459,「愛情を持って全ての人に接する」これが当社の理念です。,,
1126458,「愛情を持って全ての人に接する」これが当社の理念です。,,
1126457,地域に根差し、不況の時代も乗り越えられる強くて優しいグループを目指します！,,
1126456,"モットーは良く働き、良く稼ぎ、良く遊べ！ 　給料、休暇は業界最高水準です！",,
1126455,心身健康の秘訣を日本文化の中に見出し自然療法複合施設を築く治療院,,
1126454,患者様とのカウンセリングを大切にし、患者様の状態に合わせた施術をしています。,,
1126453,患者様とのカウンセリングを大切にし、患者様の状態に合わせた施術をしています。,,
1126452,患者様とのカウンセリングを大切にし、患者様の状態に合わせた施術をしています。,,
1126451,地域に根差し、不況の時代も乗り越えられる強くて優しいグループを目指します！,,
1126450,心身健康の秘訣を日本文化の中に見出し自然療法複合施設を築く治療院,,
1126449,地域に根差し、不況の時代も乗り越えられる強くて優しいグループを目指します！,,
1126448,"2008年にOPENした""新しい治療院""で一緒に楽しく働ける仲間を募集しています！",,
1126446,"  「横浜を健康にする！治せる人を増やす！」それが私たちのミッションです",,
1126445,"  本物の治療家を目指している方を応援します",,
1126444,"  本物の治療家を目指している方を応援します",,
1126443,"  本物の治療家を目指している方を応援します",,
1126442,定期的な勉強会でスキルアップ！,,
1126441,アナタの夢を実現するためのノウハウをお教えします！看板犬ボルザとレオンも待ってます♪,,
1126440,寮完備の整骨院！！,,
1126439,治療する側よりも患者様の目線に立った施術を大事にしています!!,,
1126438,治療する側よりも患者様の目線に立った施術を大事にしています!!,,
1126437,治療する側よりも患者様の目線に立った施術を大事にしています。,,
1126436,治療する側よりも患者様の目線に立った施術を大事にしています。,,
1126435,スタッフの7割が女性なんです♪女子会ではガールズトーク全開(ﾉ≧∀≦)ﾉ,,
1126434,社会に貢献できて喜ばれるこれからの仕事です。,,
1126433,社会に貢献できて喜ばれるこれからの仕事です。,,
1126432,社会に貢献できて喜ばれるこれからの仕事です。,,
1126431,社会に貢献できて喜ばれるこれからの仕事です。,,
1126430,スタッフの7割が女性なんです♪女子会ではガールズトーク全開(ﾉ≧∀≦)ﾉ,,
1126429,堅苦しきない雰囲気の治療院！先生方の今までのスキルを生かせる環境をご用意！,,
1126428,堅苦しきない雰囲気の治療院！先生方の今までのスキルを生かせる環境をご用意！！,,
1126427,堅苦しきない雰囲気の治療院！先生方の今までのスキルを生かせる環境をご用意！,,
1126426,アナタの夢を実現するためのノウハウをお教えします！看板犬ボルザとレオンも待ってます♪,,
1126425,アナタの夢を実現するためのノウハウをお教えします！看板犬ボルザとレオンも待ってます♪,,
1126424,"  従来の鍼灸整骨院の枠を超えた「いつまでも美しく」がテーマの新しいタイプの鍼灸整骨院です。",,
1126423,"""社宅完備""＆""車通勤OK""　平成21年9月開院したばかり！",,
1126422,スタッフの7割が女性なんです♪女子会ではガールズトーク全開(ﾉ≧∀≦)ﾉ,,
1126421,アナタの夢を実現するためのノウハウをお教えします！看板犬ボルザとレオンも待ってます♪,,
1126420,アナタの夢を実現するためのノウハウをお教えします！看板犬ボルザとレオンも待ってます♪,,
1126419,堅苦しきない雰囲気の治療院！先生方の今までのスキルを生かせる環境をご用意！,,
1126418,男性はもちろん女性や新卒の方も大歓迎です。,,
1126417,独立開業の夢を叶えたいあなたを、私たちは全力でサポートします,,
1126416,独立開業の夢を叶えたいあなたを、私たちは全力でサポートします,,
1126415,独立開業の夢を叶えたいあなたを、私たちは全力でサポートします,,
1126414,独立開業の夢を叶えたいあなたを、私たちは全力でサポートします,,
1126413,患者様にやさしいホスピタリティ整骨院『たいよう整骨院』,,
1126412,患者様にやさしいホスピタリティ整骨院『たいよう整骨院』,,
1126411,人と人とのふれあいを大切にし、仕事を通じて社会貢献する　【富山営業所】,,
1126410,患者さん大切にし、地域の元気に貢献する仕事です！,,
1126409,患者様が「最後に選ぶ」治療院です。【ビオラ整骨院】,,
1126408,定期的な勉強会でスキルアップ！,,
1126407,マニュアルで縛らない経営があります。【ティップネス東武練馬】,,
1126406,人と人とのふれあいを大切にし、仕事を通じて社会貢献する　【秋田事業所】,,
1126405,人と人とのふれあいを大切にし、仕事を通じて社会貢献する　【青森事業所】,,
1126404,人と人とのふれあいを大切にし、仕事を通じて社会貢献する,,
1126403,人と人とのふれあいを大切にし、仕事を通じて社会貢献する　【宇都宮事業所】,,
1126402,人と人とのふれあいを大切にし、仕事を通じて社会貢献する　【埼玉事業所】,,
1126401,人と人とのふれあいを大切にし、仕事を通じて社会貢献する　【群馬事業所】,,
1126400,マニュアルで縛らない経営があります。【ティップネス国分寺】,,
1126399,人と人とのふれあいを大切にし、仕事を通じて社会貢献する　【山梨事業所】,,
1126398,人と人とのふれあいを大切にし、仕事を通じて社会貢献する　【新潟事業所】,,
1126397,人と人とのふれあいを大切にし、仕事を通じて社会貢献する　【静岡営業所】,,
1126396,マニュアルで縛らない経営があります。【ティップネス宮崎台】,,
1126395,人と人とのふれあいを大切にし、仕事を通じて社会貢献する　【金沢事業所】,,
1126394,患者さん大切にし、地域の元気に貢献する仕事です！,,
1126393,患者様が「最後に選ぶ」治療院です。【宮前まちの整骨院】,,
1126392,人と人とのふれあいを大切にし、仕事を通じて社会貢献する　【福井事業所】,,
1126391,人と人とのふれあいを大切にし、仕事を通じて社会貢献する　【三重事業所】,,
1126390,人と人とのふれあいを大切にし、仕事を通じて社会貢献する　【奈良事業所】,,
1126389,人と人とのふれあいを大切にし、仕事を通じて社会貢献する　【高知事業所】,,
1126388,人と人とのふれあいを大切にし、仕事を通じて社会貢献する　【松山事業所】,,
1126387,人と人とのふれあいを大切にし、仕事を通じて社会貢献する　【福岡事業所】,,
1126386,人と人とのふれあいを大切にし、仕事を通じて社会貢献する　【熊本事業所】,,
1126385,人と人とのふれあいを大切にし、仕事を通じて社会貢献する　【沖縄事業所】,,
1126384,人と人とのふれあいを大切にし、仕事を通じて社会貢献する　【FC長野事業所・FC松本事業所・FC岡谷事業所】,,
1126383,人と人とのふれあいを大切にし、仕事を通じて社会貢献する　【FC佐賀事業所】,,
1126382,人と人とのふれあいを大切にし、仕事を通じて社会貢献する　【宮城事業所】,,
1126381,【駅チカ】総合力が学べる！成長、開業意欲のある方なら、圧倒的成長をご用意！,,
1126380,【駅ビル内】総合力が学べる！成長、開業意欲のある方なら、圧倒的成長をご用意！,,
1126379,総合力が学べる！成長、開業意欲のある方なら、圧倒的成長をご用意！　仲町台院,,
1126378,新規オープンに付き、未来の幹部候補を募集します！！,,
1126377,学びたい人が好きなだけ学べる。未経験者が飛躍できる環境です。,,
1126376,学びたい人が好きなだけ学べる。未経験者が飛躍できる環境です。,,
1126375,学びたい人が好きなだけ学べる。未経験者が飛躍できる環境です。,,
1126374,学びたい人が好きなだけ学べる。未経験者が飛躍できる環境です。,,
1126373,学びたい人が好きなだけ学べる。未経験者が飛躍できる環境です。,,
1126372,学びたい人が好きなだけ学べる。未経験者が飛躍できる環境です。,,
1126371,学びたい人が好きなだけ学べる。未経験者が飛躍できる環境です。,,
1126370,一人ひとりにあったキャリアプランを用意！,,
1126369,一人ひとりにあったキャリアプランを用意！,,
1126368,一人ひとりにあったキャリアプランを用意！,,
1126367,一人ひとりにあったキャリアプランを用意！,,
1126366,一人ひとりにあったキャリアプランを用意！　東大泉院,,
1126365," 一人ひとりにあったキャリアプランを用意！",,
1126364,"  一人ひとりにあったキャリアプランを用意！　吉祥寺院",,
1126363,一人ひとりにあったキャリアプランを用意！　吉祥寺本町院,,
1126362,「歩合給ではありません！未経験の方も安心してお越し下さい！」【センター南】,,
1126361,「歩合給ではありません！未経験の方も安心してお越し下さい！」　【都筑】,,
1126360,「歩合給ではありません！未経験の方も安心してお越し下さい！」【あおば】,,
1126359,人と人とのふれあいを大切にし、仕事を通じて社会貢献する　【福島事業所】,,
1126358,「歩合給ではありません！未経験の方も安心してお越し下さい！」,,
1126357,7年で14店舗を展開！今後さらなる発展を目指す接骨院グループです　白岳町院,,
1126356,7年で14店舗を展開！今後さらなる発展を目指す接骨院グループです　千波町院,,
1126355,7年で14店舗を展開！今後さらなる発展を目指す接骨院グループです　中根院,,
1126354,7年で14店舗を展開！今後さらなる発展を目指す接骨院グループです　三郷院,,
1126353,7年で14店舗を展開！今後さらなる発展を目指す接骨院グループです　山崎院,,
1126352,7年で14店舗を展開！今後さらなる発展を目指す接骨院グループです　岩名院,,
1126351,7年で14店舗を展開！今後さらなる発展を目指す接骨院グループです　新和院,,
1126350,7年で14店舗を展開！今後さらなる発展を目指す接骨院グループです　彦江院,,
1126349,7年で14店舗を展開！今後さらなる発展を目指す接骨院グループです　早稲田院,,
1126348,7年で14店舗を展開！今後さらなる発展を目指す接骨院グループです　高州院,,
1126347,7年で14店舗を展開！今後さらなる発展を目指す接骨院グループです　見和院,,
1126346,7年で14店舗を展開！今後さらなる発展を目指す接骨院グループです　日の里院,,
1126345,7年で14店舗を展開！今後さらなる発展を目指す接骨院グループです　鷹野院,,
1126344,7年で14店舗を展開！今後さらなる発展を目指す接骨院グループです　駒形院,,
1126343,身体のよろずや相談。笑顔や『ありがとう』であふれる地域づくり　十条院,,
1126342,身体のよろずや相談。笑顔や『ありがとう』であふれる地域づくり　江戸川橋院,,
1126341,身体のよろずや相談。笑顔や『ありがとう』であふれる地域づくり　赤羽院,,
1126340,「未経験者」を、患者さんから「信頼される先生」に！　高円寺院,,
1126339,「未経験者」を、患者さんから「信頼される先生」に！　高円寺院,,
1126338,7年で14店舗を展開！今後さらなる発展を目指す接骨院グループです,,
1126337,「未経験者」を、患者さんから「信頼される先生」に！,,
1126336,「未経験者」を、患者さんから「信頼される先生」に！,,
1126335,7年で14店舗を展開！今後さらなる発展を目指す接骨院グループです,,
1126334,7年で14店舗を展開！今後さらなる発展を目指す接骨院グループです,,
1126333,7年で14店舗を展開！今後さらなる発展を目指す接骨院グループです,,
1126332,7年で14店舗を展開！今後さらなる発展を目指す接骨院グループです,,
1126331,7年で14店舗を展開！今後さらなる発展を目指す接骨院グループです,,
1126330,7年で14店舗を展開！今後さらなる発展を目指す接骨院グループです,,
1126329,7年で14店舗を展開！今後さらなる発展を目指す接骨院グループです,,
1126328,7年で14店舗を展開！今後さらなる発展を目指す接骨院グループです,,
1126327,7年で14店舗を展開！今後さらなる発展を目指す接骨院グループです,,
1126326,7年で14店舗を展開！今後さらなる発展を目指す接骨院グループです,,
1126325,7年で14店舗を展開！今後さらなる発展を目指す接骨院グループです,,
1126324,7年で14店舗を展開！今後さらなる発展を目指す接骨院グループです,,
1126323,人と人とのふれあいを大切にし、仕事を通じて社会貢献する,,
1126322,人と人とのふれあいを大切にし、仕事を通じて社会貢献する,,
1126321,身体のよろずや相談。笑顔や『ありがとう』であふれる地域づくり,,
1126320,身体のよろずや相談。笑顔や『ありがとう』であふれる地域づくり,,
1126319,身体のよろずや相談。笑顔や『ありがとう』であふれる地域づくり,,
1126318,身体のよろずや相談。笑顔や『ありがとう』であふれる地域づくり/十条ふじ見鍼灸整骨院,,
1126317,身体のよろずや相談。笑顔や『ありがとう』であふれる地域づくり,,
1126316,人と人とのふれあいを大切にし、仕事を通じて社会貢献する,,
1126315,業務拡大につき急募です！院長が持つ技術を惜しみなく伝授します。,,
1126314,「未経験者」を、患者さんから「信頼される先生」に！,,
1126313,人と人とのふれあいを大切にし、仕事を通じて社会貢献する,,
1126312,一緒に学び、成長し、夢を実現させる職場です！,,
1126311,開業できるスキルを身につけたい方必見！整形外科と連携した接骨院！,,
1126310,若いスタッフが多く、互いに切磋琢磨している環境です！,,
1126309,人と人とのふれあいを大切にし、仕事を通じて社会貢献する,,
1126308,アナタの本気待っています！！,,
1126307,あなたの成長を、みんながよろこぶ治療院,,
1126306,マニュアルで縛らない経営があります。,,
1126305,東洋医学、中国鍼、推拿に興味のある方、実践経験ができます。,,
1126304,堅苦しきない雰囲気の治療院！先生方の今までのスキルを生かせる環境をご用意！,,
1126303,フィットネスクラブに併設した整骨院！9割の患者さんがリピーターです！,,
1126302,"『健康は背骨から』 　～仕事を通じて全ての人を健康にそして幸せにする。～",,
1126301,社会に貢献できて喜ばれるこれからの仕事です。,,
1126300,「歩合給ではありません！未経験の方も安心してお越し下さい！」,,
1126299,新規オープンの整骨院！院長が持つ技術を惜しみなく伝授します！,,
1126298,【治療家ナビ限定の求人！】一日に患者さんを10人増やす自信のある治療家の方だけ応募してください。,,
1126297,【入社祝金＋引越・住宅手当あり】年齢ではなく、スキルや人柄を重視した採用をしています！,,
1126296,寮完備の整骨院！！,,
1126295,患者様の笑顔がご家族の幸せに,,
1126294,患者様の笑顔がご家族の幸せに,,
1126293,7年で14店舗を展開！今後さらなる発展を目指す接骨院グループです,,
1126292,7年で14店舗を展開！今後さらなる発展を目指す接骨院グループです,,
1126291,社会に貢献できて喜ばれるこれからの仕事です。,,
1126290,7年で14店舗を展開！今後さらなる発展を目指す接骨院グループです,,
1126289,社会に貢献できて喜ばれるこれからの仕事です。,,
1126288,"2008年にOPENした""新しい治療院""で一緒に楽しく働ける仲間を募集しています！",,
1126287,"2008年にOPENした""新しい治療院""で一緒に楽しく働ける仲間を募集しています！",,
1126286,新規オープンの整骨院！院長が持つ技術を惜しみなく伝授します！,,
1126285,"『健康は背骨から』 　～仕事を通じて全ての人を健康にそして幸せにする。～",,
1126284,「歩合給ではありません！未経験の方も安心してお越し下さい！」,,
1126283,開業できるスキルを身につけたい方必見！整形外科と連携した接骨院！,,
1126282,堅苦しきない雰囲気の治療院！先生方の今までのスキルを生かせる環境をご用意！,,
1126281,東洋医学、中国鍼、推拿に興味のある方、実践経験ができます。,,
1126280,「歩合給ではありません！未経験の方も安心してお越し下さい！」,,
1126279,フィットネスクラブに併設した整骨院！9割の患者さんがリピーターです！,,
1126278,一緒に学び、成長し、夢を実現させる職場です！,,
1126277,"2008年にOPENした""新しい治療院""で一緒に楽しく働ける仲間を募集しています！",,
1126276,"2008年にOPENした""新しい治療院""で一緒に楽しく働ける仲間を募集しています！",,
1126275,"2008年にOPENした""新しい治療院""で一緒に楽しく働ける仲間を募集しています！",,
1126274,治った患者様でもまた来たいと想う接骨院で、独立できる治療家にまで育てます！,,
1126273,"2008年にOPENした""新しい治療院""で一緒に楽しく働ける仲間を募集しています！",,
1126272,青藍とともに夢をかなえよう！！,,
1126271,介護から訪問治療までトータルサポートを目指して展開中です！,,
1126270,やって見せて、実際に経験させ、承認し褒める。,,
1126269,地域密着の整骨院を目指しています。,,
1126268,"2008年にOPENした""新しい治療院""で一緒に楽しく働ける仲間を募集しています！",,
1126267,二店舗目ＯＰＥＮに向けて院長候補を募集中,,
1126266,日本一笑顔が集まる治療院が目標です！！,,
1126265,皆が皆のためにナレッジマネージメント実施中。,,
1126264,寮完備でダブルワークも可能！食事つき、片道のみ特急利用可能！,,
1126263,患者さまから「ありがとう」の言葉をもらうため,,
1126262,地域に根付いた治療院！,,
1126261,100人のオーナーを育て上げる業界の強者,,
1126260,職員１人の施術数は1日10人以下！ゆとりある施術をモットーです！,,
1126259,質の高いマッサージと機能訓練を取り入れた施術,,
1126258,"""総院長45歳、平均年齢25歳""",,
1126257,短期間で実力を身につけたい方、人生の大切な時期を一緒に充実させましょう,,
1126256,"  「経営者」と「スタッフ」と「患者様」の距離が近いという事",,
1126255,いろんな症状の患者さんを診たい！それが叶います。,,
1126254,"""社宅完備""＆""車通勤OK""　平成21年9月開院したばかり！",,
1126253,離職率0パーセント、辞めないには訳がある,,
1126252,将来の夢を実現し、成長したい方大募集！,,
1126251,アナタの本気待っています！！,,
1126250,開院9年にて3院を経営しています。,,
1126249,真剣に患者さまの治療にあたって下さる方を募集中！,,
1126248,多摩地域で20年の実績,,
1126247,マニュアルで縛らない経営があります。,,
1126246,若いスタッフが多く、互いに切磋琢磨している環境です！,,
1126245,新規開業につき、元気とやる気のある方を急募いたします。,,
1126244,感動を与えられる治療家になりませんか？,,
1126243,各種プロスポーツ選手に帯同しています！,,
1126242,宮崎県Ｎo１！患者様の幸せをモットーに！あいさつと笑顔あふれる元気整骨院,,
1126241,二店舗目ＯＰＥＮに向けて院長候補を募集中,,
1126240,スタッフの4人に１人が5年以上勤務しています。安心の職場で一緒に働きましょう！,,
1126239,開業できるスキルを身につけたい方必見！整形外科と連携した接骨院！,,
1126238,開業できるスキルを身につけたい方必見！整形外科と連携した接骨院！,,
1126237,「未経験者」を、患者さんから「信頼される先生」に！,,
1126236,人と人との出会いを通じて社会貢献,,
1126235,業界の枠にとらわれず、常に挑戦し続ける会社です。,,
1126234,最速かつ圧倒的に成長できる環境が、ここにはある。,,
1126233,「手で治す事のスペシャリスト」を目指せます！　※完全週休2日制※,,
1126232,高齢化社会でのリハビリ技術が学べます！！,,
1126231,あなたの成長を、みんながよろこぶ治療院,,
1126230,早期回復・病気予防の為に安全で良質な医療サービスを提供,,
1126229,2009年7月に開院したばかりのフレッシュな整骨院,,
1126228,"あなたの生活スタイルに合わせて働けます。勤務曜日・時間帯はご自分で選べます。 東京都内、神奈川県内で展開する訪問マッサージ ",,
1126227,基本に忠実で丁寧な整骨院,,
1126226,最速かつ圧倒的に成長できる環境が、ここにはある。,,
1126225,自分をより成長させたいかた大募集！！,,
1126224,「手で治す事のスペシャリスト」を目指せます！　※完全週休2日制※,,
1126223,地域に根付いた治療院,,
1126222,しっかりした福利厚生で一流治療家を目指せます。,,
1126221,「現代に必要なスキルが学べる。」,,
1126220,患者さん大切にし、地域の元気に貢献する仕事です！,,
1126219,"  一人ひとりにあったキャリアプランを用意！",,
1126218,基本に忠実で丁寧な整骨院,,
1126217,青藍とともに夢をかなえよう！！,,
1126216,"""本気で治せる治療家になりたい方""大募集！",,
1126215,治療する側よりも患者様の目線に立った施術を大事にしています。,,
1126214,私たちは「すべては患者さんのため」を全うするため、この仕事を通して自分の役割を理解し、技術的、人間的成長を絶え間なく努力いたします。,,
1126213,やって見せて、実際に経験させ、承認し褒める。,,
1126212,"""社宅完備""＆""車通勤OK""　平成21年9月開院したばかり！",,
1126211,先輩後輩の壁がなく、互いに技術と知識を磨き合っています！,,
1126210,各種プロスポーツ選手に帯同しています！,,
1126209,100人のオーナーを育て上げる業界の強者,,
1126208,寮完備でダブルワークも可能！食事つき、片道のみ特急利用可能！,,
1126207,マニュアルで縛らない経営があります。,,
1126206,「大家族主義」＝スタッフとは本当の家族がモットーです,,
1126205,"充実した""福利厚生""で働きやすさ抜群です！",,
1126204,「大家族主義」＝スタッフとは本当の家族がモットー,,
1126203,短期間で実力を身につけたい方、人生の大切な時期を一緒に充実させましょう,,
1126202,日本一笑顔が集まる治療院が目標です！！,,
1126201,アナタの本気待っています！！,,
1126200,質の高いマッサージと機能訓練を取り入れた施術,,
1126199,皆が皆のためにナレッジマネージメント実施中。,,
1126198,感動を与えられる治療家になりませんか？,,
1126197,真剣に患者さまの治療にあたって下さる方を募集中！,,
1126196,開院9年にて3院を経営しています。,,
1126195,新規開業につき、元気とやる気のある方を急募いたします。,,
1126194,"""総院長45歳、平均年齢25歳""",,
1126193,"  「経営者」と「スタッフ」と「患者様」の距離が近いという事",,
1126192,多摩地域で20年の実績,,
1126191,地域密着の整骨院を目指しています。,,
1126190,高齢化社会でのリハビリ技術が学べます！！,,
1126189,自分をより成長させたいかた大募集！！,,
1126188,基本に忠実で丁寧な整骨院,,
1126187,東京23区、多摩、川崎で展開する訪問マッサージ,,
1126186,2009年7月に開院したばかりのフレッシュな整骨院,,
1126185,早期回復・病気予防の為に安全で良質な医療サービスを提供,,
1126184,技術だけではなく“人”としても成長できる！！,,
1126183,職員１人の施術数は1日10人以下！ゆとりある施術をモットーです！,,
1126182,将来の夢を実現し、成長したい方大募集！,,
1126181,二店舗目ＯＰＥＮに向けて院長候補を募集中,,
1126180,人と人との出会いを通じて社会貢献,,
1126179,宮崎県Ｎo１！患者様の幸せをモットーに！あいさつと笑顔あふれる元気整骨院,,
1126178,患者さまから「ありがとう」の言葉をもらうため,,
1126177,「未経験者」を、患者さんから「信頼される先生」に！,,
1126176,「未経験者」を、患者さんから「信頼される先生」に！,,
1126175,「未経験者」を、患者さんから「信頼される先生」に！,,
1126174,あなたの成長を、みんながよろこぶ治療院,,
1126173,患者様が「最後に選ぶ」治療院です。,,
1126172,患者様が「最後に選ぶ」治療院です。,,
901011,若いスタッフが多く、互いに切磋琢磨している環境です！,,
901010,安心して働ける環境を約束します。,,
901009,治った患者様でもまた来たいと想う接骨院で、独立できる治療家にまで育てます！,,
901003,他には無いモノ、きっと見つかる。,,
901001,"  人と人とのふれあいを大切にし、仕事を通じて社会貢献する",,
112620,"  人と人とのふれあいを大切にし、仕事を通じて社会貢献する",,
112619,"  人と人とのふれあいを大切にし、仕事を通じて社会貢献する",,
112617,地域に根付いた治療院,,
112612,学びたい人が好きなだけ学べる。未経験者が飛躍できる環境です。,,
112611,あなたのかかりつけ整骨院目指します,,
91065,スマイルアンドサンキュー,,
91057,いろんな症状の患者さんを診たい！それが叶います。,,
91020,"  本物の治療家を目指している方を応援します",,
91019,総合力が学べる！,,
91014,患者様が「最後に選ぶ」治療院です。,,
91006,鍼灸施術を行なっていただく仕事です,,
91005,スタッフの4人に１人が５年以上勤務しています。安心の職場で一緒に働きましょう！,,
91003,在宅マッサージピース,,
1093,"  「経営者」と「スタッフ」と「患者様」の距離が近いという事",,
1065,最速かつ圧倒的に成長できる環境が、ここにはある。,,
1064,地域密着の整骨院を目指しています。,,
1063,人と人との出会いを通じて社会貢献,,
1062,「現代に必要なスキルが学べる。」,,
1061,宮崎県Ｎo１！患者様の幸せをモットーに！あいさつと笑顔あふれる元気整骨院,,
1060,二店舗目ＯＰＥＮに向けて院長候補を募集中,,
1059,"""総院長45歳、平均年齢25歳""",,
1058,患者さまから「ありがとう」の言葉をもらうため,,
1057,いろんな症状の患者さんを診たい！それが叶います。,,
1056,将来の夢を実現し、成長したい方大募集！,,
1055,地域に根付いた治療院,,
1053,マニュアルで縛らない経営があります。,,
1052,真剣に患者さまの治療にあたって下さる方を募集中！,,
1051,新規開業につき、元気とやる気のある方を急募いたします。,,
1050,先輩後輩の壁がなく、互いに技術と知識を磨き合っています！,,
1048,多摩地域で20年の実績,,
1047,各種プロスポーツ選手に帯同しています！,,
1046,感動を与えられる治療家になりませんか？,,
1045,"""本気で治せる治療家になりたい方""大募集！",,
1044,明るく笑顔で努力するスタッフが自慢の鍼灸整骨院！！,,
1043,高齢化社会でのリハビリ技術が学べます！！,,
1042,自分をより成長させたいかた大募集！！,,
1041,介護から訪問治療までトータルサポートを目指して展開中です！,,
1040,基本に忠実で丁寧な整骨院,,
1039,東京23区、多摩、川崎で展開する訪問マッサージ,,
1038,2009年7月に開院したばかりのフレッシュな整骨院,,
1037,早期回復・病気予防の為に安全で良質な医療サービスを提供,,
1036,「大家族主義」＝スタッフとは本当の家族がモットー,,
1035,あなたの成長をみんながよろこぶ治療院です,,
1034,技術だけではなく“人”としても成長できる！！,,
1033,やって見せて、実際に経験させ、承認し褒める。,,
1032,"  一人ひとりにあったキャリアプランを用意！",,
1031,治療する側よりも患者様の目線に立った施術を大事にしています。,,
1030,治った患者様でもまた来たいと想う接骨院で、独立できる治療家にまで育てます！,,
1029,青藍とともに夢をかなえよう！！,,
1028,若いスタッフが多く、互いに切磋琢磨している環境です！,,
1027,短期間で実力を身につけたい方、人生の大切な時期を一緒に充実させましょう,,
1026,"""社宅完備""＆""車通勤OK""　平成21年9月開院したばかり！",,
1025,開院9年にて3院を経営しています。,,
1024,しっかりした福利厚生で一流治療家を目指せます。,,
1023,私たちは「すべては患者さんのため」を全うするため、この仕事を通して自分の役割を理解し、技術的、人間的成長を絶え間なく努力いたします。,,
1022,100人のオーナーを育て上げる業界の強者,,
1021,仲間を大切にし、人との関わりを大切にする明るく元気な治療院です。,,
1020,"  本物の治療家を目指している方を応援します",,
1019,総合力が学べる！,,
1018,"  「横浜を健康にする！治せる人を増やす！」それが私たちのミッションです",,
1017,夢は見るもの、かなえるもの。,,
1016,アナタの本気待っています！！,,
1015,日本一笑顔が集まる治療院が目標です！！,,
1014,患者様が「最後に選ぶ」治療院です。,,
1013,"“ゼロ” から“院長”へ。圧倒的に成長できる環境がある。",,
1011,"充実した""福利厚生""で働きやすさ抜群です！",,
1010,寮完備でダブルワークも可能！食事つき、片道のみ特急利用可能！,,
1009,皆が皆のためにナレッジマネージメント実施中。,,
1008,職員１人の施術数は1日10人以下！ゆとりある施術をモットーです！,,
1007,質の高いマッサージと機能訓練を取り入れた施術,,
1006,患者さん大切にし、地域の元気に貢献する仕事です！,,
1005,スタッフの4人に１人が５年以上勤務しています。安心の職場で一緒に働きましょう！,,
1004,「手で治す事のスペシャリスト」を目指せます！　※完全週休2日制※,,
1003,有限会社オアシス,,
1002,鍼灸マッサージの新しいステージへ,,
1001,"  人と人とのふれあいを大切にし、仕事を通じて社会貢献する",,
